{
  "dataset": "/Users/nachopedemonte/Desktop/Nacho/Code/ITBA/CLOUD/cloud-engine/data_processed/dataset_train_balanced.csv",
  "rows_total": 2000000,
  "rows_train": 1600000,
  "rows_test": 400000,
  "features_after_encoding": 232,
  "config": {
    "test_size": 0.2,
    "random_state": 42,
    "epochs": 10,
    "batch_size": 256,
    "validation_split": 0.2,
    "score_bins": [
      0.0,
      0.25,
      0.5,
      0.75,
      1.000001
    ],
    "score_bin_labels": [
      "b0_0_025",
      "b1_025_050",
      "b2_050_075",
      "b3_075_100"
    ]
  },
  "timings_seconds": {
    "load_dataset": 2.0755,
    "prepare_features": 23.3436,
    "train": 28.5083,
    "evaluate": 23.878,
    "total": 79.185
  },
  "keras_history": {
    "loss": [
      0.009700433351099491,
      0.005760113708674908,
      0.005561032332479954,
      0.005499287508428097,
      0.005390265490859747,
      0.005334565881639719,
      0.005302250385284424,
      0.005302349105477333,
      0.005290392320603132,
      0.005275058094412088
    ],
    "mae": [
      0.0463423877954483,
      0.030341949313879013,
      0.027671044692397118,
      0.025958096608519554,
      0.02510678395628929,
      0.024425338953733444,
      0.02396911010146141,
      0.02371549978852272,
      0.023475665599107742,
      0.023304393514990807
    ],
    "val_loss": [
      0.006013284903019667,
      0.005652865394949913,
      0.005602296907454729,
      0.005443839821964502,
      0.005385968368500471,
      0.005339066032320261,
      0.005319773685187101,
      0.005331382621079683,
      0.005301823373883963,
      0.005382333416491747
    ],
    "val_mae": [
      0.03312133997678757,
      0.028727056458592415,
      0.026615377515554428,
      0.02537071891129017,
      0.02504008449614048,
      0.02443169243633747,
      0.023797282949090004,
      0.023421425372362137,
      0.02360217459499836,
      0.023656148463487625
    ]
  },
  "train_metrics": {
    "mae": 0.023546027716955287,
    "mse": 0.005343958482465744,
    "rmse": 0.07310238356213664,
    "r2": 0.9591603136986028,
    "median_ae": 0.001522064208984375
  },
  "test_metrics": {
    "mae": 0.023347128402336405,
    "mse": 0.005185597614145272,
    "rmse": 0.07201109368802332,
    "r2": 0.9603748318763329,
    "median_ae": 0.0015162797927856242
  },
  "baseline_test_metrics": {
    "mae": 0.29548269539205624,
    "mse": 0.13086627446629875,
    "rmse": 0.3617544394562405,
    "r2": -9.898565545007898e-08,
    "median_ae": 0.21135162562499998
  },
  "test_metrics_by_bin": [
    {
      "bin": "b0_0_025",
      "rows": 61445,
      "mae": 0.03843123075347588,
      "rmse": 0.06103409028345394
    },
    {
      "bin": "b1_025_050",
      "rows": 21526,
      "mae": 0.061606972611751736,
      "rmse": 0.10035286967492528
    },
    {
      "bin": "b2_050_075",
      "rows": 16732,
      "mae": 0.09567525315624713,
      "rmse": 0.13067804945973294
    },
    {
      "bin": "b3_075_100",
      "rows": 300297,
      "mae": 0.013488161250483167,
      "rmse": 0.0668707311589355
    }
  ],
  "test_bin_classification": {
    "accuracy": 0.950725,
    "macro_f1": 0.8293933166652617,
    "weighted_f1": 0.9508573088457076,
    "by_bin": [
      {
        "bin": "b0_0_025",
        "precision": 0.9411023671031759,
        "recall": 0.9847994141101798,
        "f1": 0.9624551664903812,
        "support": 61445
      },
      {
        "bin": "b1_025_050",
        "precision": 0.8194750927273581,
        "recall": 0.810833410759082,
        "f1": 0.8151313485113836,
        "support": 21526
      },
      {
        "bin": "b2_050_075",
        "precision": 0.5563288899374779,
        "recall": 0.5637102557972746,
        "f1": 0.5599952502523303,
        "support": 16732
      },
      {
        "bin": "b3_075_100",
        "precision": 0.9846830885294622,
        "recall": 0.9753444090350553,
        "f1": 0.9799915014069521,
        "support": 300297
      }
    ],
    "confusion_matrix": [
      [
        60511,
        704,
        166,
        64
      ],
      [
        2547,
        17454,
        1182,
        343
      ],
      [
        141,
        3010,
        9432,
        4149
      ],
      [
        1099,
        131,
        6174,
        292893
      ]
    ],
    "bin_labels": [
      "b0_0_025",
      "b1_025_050",
      "b2_050_075",
      "b3_075_100"
    ]
  }
}